Actual Smile,Prompt,Generated Smile,Similarity
Clc1ccc(c(c1)Cl)Cc1cc(ccc1O)C(CC(C)(C)C)(C)C,[Cl][C][=C][C][=C][Branch1_1][Branch2_1][C],ClC=CC=C(CCCCCCC)CCCCCCCCCCCCCCCCCCCCCCCCCCCCCCCCCCCCC,0.024630541871921183
CC[N+](C1c2ccccc2c2c1cccc2)(CCCCCCCCCC[N+](C1c2ccccc2c2c1cccc2)(CC)CC)CC.[Br-].[Br-],[C][C][N+expl][Branch2_1][Ring1][Ring2][C][C][=C][C][=C][C][=C][Ring1][Branc,CC[N+](CC=CC=CC#CCC=CC=CC=CC#C1)(C)C=CC=C1C2=CC=CC=C2C3=CC=CC=C3C4=CC=CC=C4C5=CC=CC=C5C6=CC=CC=C6C7=CC=CC=C7C=CC=CC#C,0.22140221402214022
CC(Nc1ccnc2c1ccc(c2)Cl)CN1CCN(CC1)CC(Nc1ccnc2c1ccc(c2)Cl)C,[C][C][Branch2_1][,CC(C)CCCCCCCCCCCCCCCCCCCCCC(=O)OCC(COC(=O)CCCCCCCCCCCCCC)COC(=O)C,0.0326530612244898
CC(CCC[C@H]([C@H]1CC[C@@H]2[C@]1(C)CC[C@H]1[C@H]2C[C@H]([C@@]2([C@]1(C)CC[C@@H](C2)OC(=O)CCC(=O)O)O)OC(=O)C)C)C,[C][C][Branch2_1][Branch1_2][Ring1][C][C][C][C@H,CC(CCCCCOC1=CC=CC=C1C(=O)NC=CC2=CC(OC(=O)C=CC=C(C(=O)OC=CC=C(C(=O)OCC(C)C)CC#C)N))C=C=C2CCCCCCCCCCCCCCCCCCCCCCCCCCCCCCCCCCC,0.09937888198757763
N#C[C@@H](c1cccc(c1)Oc1ccccc1)OC(=O)[C@@H]1[C@H](C1(C)C)/C=C(/C(F)(F)F)\Cl,[N][#C][C@@Hexpl,N#CCOC1=CC=CC=C1NC(=O)COC(=O)C2=CC=CC(=C2)OCCOCCCCCCCCCCCCCCCCCCCCCCCCCCCCCCCCCCCCCCC,0.13877551020408163
N(CC1CCC(CC1)CNCCC1CCCCC1)CCC1CCCCC1.Cl.Cl,[N][Branch2_1][Ring1][Branch2_1][C],N(CCCCCCCCCCCCCCCCCCCCCCC)(O)OCC(COC(=O)CCCCCCC),0.03208556149732621
C1CCCCCC(C1)NCC1CCC(CC1)CNC1CCCCCCC1.Cl.Cl,[C][C][C][C][C][C][C][Branch1_1][,CCCCCCC(C)CCCCCCCCCCCCCCCCCCCCCCCCCCCCCCCCCCCCCC,0.009389671361502348
CCN(CCCC(Nc1c2cc(OC)ccc2nc2c1ccc(c2)Cl)C)CC.Cl.Cl,[C][C][N][Branch2_1][Ring,CCN(C)CCCCCCCCCCCCCCCCCCCCCCCCCCCCCCCCCCCCCCCCCCCCCCCC,0.06363636363636363
CC(CC(C)(C)C)(NCC1CCC(CC1)CNC(CC(C)(C)C)(C)C)C.Cl.Cl,[C][C][Branch1_1][B,CC(C)CCCCCCCCCCCCCCCCCCCCC(=O)OCC(COC(=O)CCCCCCCCCCCCCC)COC,0.03940886699507389
C1CCC(CC1)CCNCC1CCC(=CC1)CNCCC1CCCCC1.CC(=O)O.CC(=O)O,[C][C][C][C][Branch1_1][Branch1_1],CCCC(CCCC)CCCCCCCCCCCCCCCC(=O)OCC(COC(=O)CCCCCCCCCCC(C))COC,0.06511627906976744
Clc1ccccc1/C=N/CC1CCC(CC1)C/N=C/c1ccccc1Cl.Cl.Cl,[Cl][C][=C][C][=C][C][=C][Ring1][Branch1_2,ClC=CC=CC#CCCCCCCCCCCCCCCCCCCCCCCCCCCCCCCCCCCCCCCCCCCCC,0.022321428571428572
CCc1oc2c(c1C(=O)c1cc(I)c(c(c1)I)O)cccc2,[C][C][C][O][C][=C][Branch2_1][Ring,CCCOC=C(C1=CC=CC=C1C)C=O,0.19767441860465115
c1ccc2c(c1)ccc1c2c2cccc3c2c1ccc3,[C][=C][C][=C],C=CC=CCCCCCCCCCCCCCCCCCCCCCCCCCCCCCCCCCCC,0.0
N#C[C@@H](c1cccc(c1)Oc1ccccc1)OC(=O)[C@@H](C(C)C)Nc1ccc(cc1Cl)C(F)(F)F,[N][#C][C@@,N#CCCCCCCCCCCCCCCCCCCC(=O)OCC(COC(=O)CCCCCCCCCCCCCC)COC(=O)CCCCCCCCCCCCCCCCCCCC,0.03914590747330961
Clc1ccc(c(c1)c1ccc(c(c1Cl)Cl)Cl)Cl,[Cl][C][=C][C][=C][Branch2_1][Ring,ClC=CC=C(C)CCCCCCCCCCCCCCCCCCCCCCCCCCCCCCC,0.006535947712418301
CCCCCCCCCCCC[N+](CCCCCCCCCCCC)(C)C.[Cl-],[C][C][C][C],CCCCCCCCCCCCCCCCCCCCCCCC(=O)OCC(COC(=O)CCCCCCCC),0.49230769230769234
Brc1cc(Br)c(c(c1)c1cc(Br)cc(c1O)Br)OP(=O)(O)O,[Br][C],BrCCCCCCCCCCCCCCCCCCCC(=O)OCC(COC(=O)CCCCCCCCCCCCCC)CO,0.021739130434782608
FC(c1ccccc1CNCC1CCC(CC1)CNCc1ccccc1C(F)(F)F)(F)F.Cl.Cl,[F][C][Branch2_1][Ring2][Branch2_2][C][=C][C],FC(C=CCCCOC(=O)C1=CC=CC=C1NC(=O)C(=O)NC=CC=C(OCC(F)))(F)F,0.16774193548387098
BrCCN(c1ccc(cc1)OC(=O)c1ccc(cc1)C(F)(F)F)CCBr,[Br][C][C],BrCCCCCCCCCCCCCCCCCCCCCCCCCCCCCCCCCCCCCCCCCCCCCCCCCCC,0.0319634703196347
Clc1ccc(c(c1)Cl)c1ccc(c(c1)Cl)Cl,[Cl][C][=C][C][=C][Branch1_1],ClC=CC=C(C)CCCCCCCCCCCCCCCCCCCCCCCCCCCCCCC,0.006622516556291391
O=S(=O)(c1ccc(cc1)NC(S(=O)(=O)[O-])CC(S(=O)(=O)[O-])c1ccccc1)c1ccc(cc1)NC(S(=O)(=O)[O-])CC(S(=O)(=O)[O-])c1ccccc1.[Na+].[Na+].[Na+].[Na+],[O][=S][Branch1_2][C][=O][Branch2_1][Ring2][O][C][=C][C][=C][Branch1_1][Branch1_1][C][=C][Ring1,O=S(=O)(C=CC=C(C=C)CCCCCCCCCCCCCCCCCCCCCCCCCCCCCCCC)CCCCCCCCCCCCCCCCCCCCCCCCCCCCCCCCCCCCCCCCCCCCCCCCCCCCCCCCCCCCCCCCCCCCCCCCCCCCCCCCCCCCCCCCCCCC,0.013207547169811321
Clc1ccc2c(c1)N(CCCN1CCC(CC1)(C(=O)N)N1CCCCC1)c1ccccc1CC2,[Cl][C][=C][C][=C][C][Branch1_2][,ClC=CC=CC(C)OC(=O)C1=CC=CC=C1NC(=O)C(C)N3C(=O)C2=CC=CC=C2C3=O,0.15337423312883436
OC(c1ccccc1)(C1CCCC(N1)C(c1ccccc1)(Cc1ccccc1)O)Cc1ccccc1,[O][C][Branch1_1][Bra,OC(C)CCCCCCCCCCCCCCCCCCCCCCCCCCCCCCCCCCCCCCCCCCCCCCCCCCCCCCCC,0.010830324909747292
CCCCCCC(=O)O[C@@]1(C#C)CC[C@@H]2[C@]1(C)CC[C@H]1[C@H]2CCC2=CC(=O)CC[C@H]12,[C][C][C][C][C][C][C][Branch1_2][C][=O][O][C@@e,CCCCCCC(=O)OCCCCCCCCCCCCCCCCCCCCCCCC(=O)OCC(COC(=O)CCCCCCCCCCC(C))COC(=O)CCCCCCCCCC,0.09411764705882353
OS(=O)(=O)O.CC(Cc1ccccc1)N.CC(Cc1ccccc1)N,[O][S][Branch1_2][,OS(C)CCCCCCCCCCCCCCCCCCCCCCCCCCCCCCCCCCCCCCCCCC,0.025906735751295335
Clc1ccc(c(c1)c1cc(Cl)c(c(c1Cl)Cl)Cl)Cl,[Cl][C][=C][C][=C][Branch2_1][Ring1,ClC=CC=C(C)C1=CC=C2C=C1C(=O)N2CC3=CC=CC=C3CCOC(=O)C,0.13392857142857142
Clc1ccc(c(c1)Cl)COC(c1ccc(cc1Cl)Cl)Cn1cncc1.[O-][N+](=O)O,[Cl][C][=C][C][=C][Branch1_1][,ClC=CC=C(C)CCCCCCCCCCCCCCCCCCCCCCCCC(=O)OCC(COC(=O)CCCCCCCCCCCCCC)C,0.026200873362445413
Clc1ccc(c(c1)S(=O)[O-])c1ccc(c(c1)SSSc1cc(ccc1Cl)c1ccc(cc1S(=O)[O-])Cl)Cl.[Na+].[Na+].O.O.O,[Cl][C][=C][C][=C][Branch1_1][N][C][Branch1_2][Ring2][=C][Ring1][B,ClC=CC=C(C(=C)CCCCC)CCCCCCCCCCCCCCCCCCCCCCCCCCCCCCCCCCCCCCCCCCCCCCCCCCCCCCCCCCCCCCCCCCCCCCCCCCCCCCC,0.0026595744680851063
Clc1ccc(cc1)C1CCc2c(N(C1)CCCN(C(C)C)C(C)C)cccc2,[Cl][C][=C],ClC=CCCCCCCCCCCCCCCCCCCCCCCCCCCCCCCCCCCCCCCCCCCCCCCCCCCC,0.02575107296137339
Clc1ccc2c(c1)C1(CCC(CC1)N(C)C)c1ccccc1CC2.Cl,[Cl][C][=C],ClC=CCCCCCCCCCCCCCCCCC(=O)OCC(COC(=O)CCCCCCCCCCCCCC)CO,0.010256410256410256
CC(=O)OCCN1CCN(CC1)CCCN1c2ccccc2Sc2c1cc(cc2)C(F)(F)F.Cl.Cl,[C][C][Branch1_2][C][=O][O][C][C][N],CC(=O)OCCNCCCCCCCCCCCCCCCCCCCCCCCCCCCCCCCCCCCCCCCCCCCCCCCCCCCCCCCC,0.06415094339622641
CCCCCCCNc1c2ccccc2nc2c1cccc2,[C][C][C][C][C][C],CCCCCCCCOC(=O)C1=CC=CC=C1NC(=O)C(C)OC=CC=C,0.2702702702702703
O=CN(/C(=C(\SS/C(=C(\N(Cc1cnc(nc1N)C)C=O)/C)/CCOC(=O)C(C)C)/CCOC(=O)C(C)C)/C)Cc1cnc(nc1N)C,[O][=C][N][Branch2_1][Branch1_1][#C][/C][Branch2_2][Branch1_1][Branch2_3][=C],O=CN(CCOC2=CC1=CC=CC=C1C=C2C5(C3=CC=CC=C3C=CC4=CC=CC=C45)C6=CC=CC=C6C=CC7=CC=CC=C7)C8=CC=CC=C8PC9=CC=CC=C9C%10=CC=CC=C%10,0.0594059405940594
CCCCCCCCCCCCCCCCCCN(C)C,[C][C][C][C][C],CCCCCCOC1=CC=CC=C1NC(=O)COC(=O)C=CC=C,0.13274336283185842
c1ccc2c(c1)c1[nH]c3c(c1cc2)ccc1c3cccc1,[C][=C][C],C=CCCCCCCCCCCCCCCCCCCC(=O)OCC(COC(=O)CCCCCCCCC),0.0
Clc1cc(Cl)c(cc1c1ccc(c(c1)Cl)Cl)Cl,[Cl][C][=C][C][Branch1_1][C,ClC=CC(C)CCCCCCCCCCCCCCCCCCCCCCCCCCCCCCCCC,0.00641025641025641
Clc1ccc(c(c1)Cl)c1cc(Cl)c(c(c1Cl)Cl)Cl,[Cl][C][=C][C][=C][Branch1_1],ClC=CC=C(C)CCCCCCCCCCCCCCCCCCCCCCCCCCCCCCCCCCCCC,0.005780346820809248
Clc1ccc2c(c1)C1(CCC(CC1)N(C)C)c1ccccc1C=C2.Cl,[Cl][C][=C][C][=C],ClC=CC=CCCCCCCCCCCCCCCCCCCCCC(=O)OCC(COC(=O)CCCCCCCCCCC),0.010050251256281407
CN(CCCN1c2ccccc2Sc2c1cc(cc2)C(C)(C)C)C.Cl,[C][N][Branch2_1][Ring2],CN(CCCCCCCCCCCCCCCCCCCCCCCCCCCCCCCCC)CCCCCCCCCC,0.05263157894736842
N#C[C@@H](c1ccc(c(c1)Oc1ccccc1)F)OC(=O)[C@H]1[C@@H](C1(C)C)C=C(Cl)Cl,[N][#C][C@@,N#CCCCCCCCCCCCCCCCCCC(=O)OCC(COC(=O)CCCCCCCCCCCCCC)COC(=O)CCCCCCCCCCCCCCCCCCC,0.04669260700389105
CN(CCC=C1c2cc(Cl)ccc2Sc2c1cc(Cl)cc2)C.Cl,[C][N][Branch2_1][Ring1][,CN(CCCCCCCCCCCCCCCCC)CCCCCCC(=O)OCC(COC(=O)CC),0.0440251572327044
C[C@H]1CC[C@@]2(OC1)O[C@@H]1[C@H]([C@@H]2C)[C@@]2([C@@H](C1)[C@@H]1CC=C3[C@]([C@H]1CC2)(C)CC[C@@H](C3)O)C,[C][C@Hexpl][C][C][C@@expl][Branch1_1][Branch1_1][O][C][Ring1][Branch1_2][O][C@@Hexpl][C@He,C1CC(OC1)OCCOC(=O)C=CC2=CC=C(OC)C(OC)=C2CCCCCCCCCCCCCCCCCCCCCCCC(=O)OCC(COC(=O)CCCCCCCCCCCCCC)COC(=O)CCCCCCCCCCCC,0.0375
O=C([C@@H]1[C@H](C1(C)C)/C=C(/C(F)(F)F)\Cl)OCc1c(F)c(F)c(c(c1F)F)C,[O][=C][Branch2_1][Rin,O=C(C)CCCCCCCCCCCCCCCCCCCCCCCCCCCCCCCCCCCCCCCCCCCCCCCCCCCCCCCCCCCCCCCC,0.022988505747126436
CCCCCCCCCCCCCCCCCC[N+](Cc1ccccc1)(C)C.[Cl-],[C][C][C][C][C][C],CCCCCCCOC1=CC=CC=C1NC(=O)C=3OC2=CC=CC=C2C=3NC(=O)C4=CC=CC=C4C,0.2
BrCCN(c1ccc(cc1)OC(=O)c1ccc(cc1)Cl)CCBr,[Br][C][C][N][Branch2_1][Ring1],BrCCN(CCCCCCCCCCCCCCCCC)CC(=O)OCC(COC(=O)CCCCC),0.09803921568627451
ClC1=C(Cl)C(=C([C@]1(Cl)[C@]1(Cl)C(=C(C(=C1Cl)Cl)Cl)Cl)Cl)Cl,[Cl][C][=C][Branch1_1][,ClC=C(C)CCCCCCCCCCCCCCCCCCCCCCCCCCCCCCCCCCCCCCCCCCCCCCCCCCCCCCCCCCCC,0.004201680672268907
O=C(NC(=O)c1c(F)cccc1F)Nc1cc(Cl)c(c(c1F)Cl)F,[O][=C][Branch2_1][Ring1,O=C(C)CCCCCCCCCCCCCCCCCCCCCCCCCCCCCCCCCCCCCCCCCCC,0.015306122448979591
CC(N(C(C)C)CCSCCOC(=O)N1c2ccccc2Sc2c1nccc2)C.Cl,[C][C][Branch2_1][Ring,CC(C)CCCCCCCCCCCCCCCCCCCCC(=O)OCC(COC(=O)CCCCCCCCCCC),0.08376963350785341
Clc1ccc(c(c1)c1ccc(c(c1)Cl)Cl)Cl,[Cl][C][=C][C][=C][Branch2_1][R,ClC=CC=C(C)CCCCCCCCCCCCCCCCCCCCCCCCCCCCC,0.006896551724137931
CCCCCc1cc(O)c2c(c1)OC([C@H]1[C@H]2CC(=CC1)C)(C)C,[C][C][C][C][C][C][=C][C][Branch1_1][,CCCCCC=CC(C)OC2=CC1=CC=CC=C1C=C2C=CSC(=S)N(C=CC=CC(C(F)(F)F)=C),0.14583333333333334
OC(=O)Cc1cc(I)c(c(c1)I)Oc1ccc(c(c1)C(C)C)O,[O][C][Branch1_2][C][=O][C][C][=C][C],OC(=O)CC=CCCCCCCCCCCCCCCCCCCCCCCCCCCCCCCCCCCCCCCCCC,0.041666666666666664
CSc1ccc2c(c1)N(CCC1CCCCN1)c1c(S2)cccc1,[C][S][C][=C][C][=C][C][Branch1_2][Rin,CSC=CC=CC(C)C=CC1=CC=CC=C1C(=O)OCC(=O)NC2=CC=CC=C2C,0.17293233082706766
O=C(C(Oc1ccc(cc1)Cl)(C)C)OCCCOC(=O)C(Oc1ccc(cc1)Cl)(C)C,[O][=C][Branch2_1][Ring1][Ring2][C][Branch1_1],O=C(C(C)CCCCCCCCCCCCCCC)CCCCCCCCCCCCCCCCCCCCCCCCCCCCCCCCCCCCCC,0.04132231404958678
Clc1cc(c2ccccc2)c(c(c1Cl)Cl)Cl,[Cl][C][=C][C][Branch1_1][Bran,ClC=CC(C)CCCCCCCCCCCCCCCCCCCCCCCCCCCCC,0.007042253521126761
ClC(C(c1ccc(cc1)Cl)c1ccc(cc1)Cl)(Cl)Cl,[Cl][C][Branch2_1][Ring1][Branch2_3],ClC(CCCCCCCCCCCCCCCCCCCCCCCCC)CCCCCCCCCCCCCCC,0.011560693641618497
C1CCCCC(C1)NCC1CCC(CC1)CNC1CCCCCC1.Cl.Cl,[C][C][C],CCCCCCCCCCCCCCCCCCCCC(=O)OCC(COC(=O)CCCCCCCCCCC),0.010638297872340425
CCC(=O)Oc1ccc2c(c1)CC[C@@H]1[C@@H]2CC[C@]2([C@H]1CC[C@@H]2OC(=O)CC)C,[C][C][C][Branch1_2][C],CCC(C)CCCCCCCCCCCCCCCCCCCCC(=O)OCC(COC(=O)CCCCCCCCCCC(C))COC(=O)CCCCCCCCCCCCC,0.07053941908713693
CCN(CCCC(Nc1c2cc(OC)ccc2nc2c1ccc(c2)Cl)C)CC,[C][C][N][Branch2_1][Ring2][,CCN(COC1=CC=CC=C1C(=O)NC2=CC=CC(C(=O)NCCCCCC))C2CCC,0.14864864864864866
N(CC1CC2CC1CC2)CC1CCC(CC1)CNCC1CC2CC1CC2.Cl.Cl,[N][Branch1_1][=N][C],N(CCCCCCCCCCCC)CCCCCCCCC(=O)OCC(COC(=O)CCCCCCCCCCCCCC),0.0297029702970297
N/C(=N\CCCCCC/N=C(/N=C(/Nc1ccc(cc1)Cl)\N)\N)/N=C(/Nc1ccc(cc1)Cl)\N.CC(=O)O.CC(=O)O,[N][/C][Branch2_2][Ring1][,N(CCCCCCCCCCCCCCCCC)CCCCCCC(=O)OCC(COC(=O)CCCCCCCCCCCCCC)COC(=O)CCCCCCCCCCCCCCCCCCCCCCCC,0.07119741100323625
Clc1ccccc1CNCCCCCCCCNCc1ccccc1Cl.Cl.Cl,[Cl][C][=C][C][=C],ClC=CC=CCCCCCCCCCCCCCCCCCCCCCCCCCCCCCCCCCCCCCCCC,0.11052631578947368
OC(=O)C(CC(=O)O)(CC(=O)O)O.CCN(CCOc1ccc(cc1)/C(=C(/c1ccccc1)\Cl)/c1ccccc1)CC,[O][C][Branch1_2][C,OC(C)CCCCCCCCCCCCCCCCCCCCCCC(=O)OCC(COC(=O)CCCCCCCCCCCCCC)COC(=O)CCCCCCCCCCCCCCCCCCC,0.06976744186046512
Clc1ccc(cc1)C1(O)CCN(CC1)CCC(C(=O)N(C)C)(c1ccccc1)c1ccccc1,[Cl][C][=C][C],ClC=CCCCCCCCCCCCCCCCCCCCCCC(=O)OCC(COC(=O)CCCCCCCCCCCCCC)COC(=O)CCCCC,0.03187250996015936
Clc1ccccc1CNCC1CCC(CC1)CNCC1CCCCC1.Cl.Cl,[Cl],ClCCCCCCCCCCCCCCCCCCCC(=O)OCC(COC(=O)CCCCCCCCCCC),0.026737967914438502
O=C(N1c2ccccc2Sc2c1nccc2)OCCOCCCN1CCCCC1.Cl,[O][=C][Branch2_1][Ring,O=C(C)CCCCCCCCCCCCCCCCCCCCCCCCCCCCCCCCCCCCCCCCCCC,0.04225352112676056
CCCCC/C=C\C/C=C\C/C=C\C/C=C\CCCC(=O)O,[C][C][C][C][C][/C,CCCCCCCOC(=O)C1=CC=CC=C1NC(=O)C(C)OC2=CC=C(F)C=C2,0.1328125
CCCC[C@@H](COC(=O)c1ccccc1C(=O)OC[C@H](CCCC)CC)CC,[C][C][C][C][C@@Hex,CCCCCCCCCCCCCCCCCCCCCCC(=O)OCC(COC(=O)CCCCCCCCCCCCCC)COC,0.20555555555555555
CCN(CCOC(=O)C(c1cccc2c1cccc2)(c1cccc2c1cccc2)O)CC.Cl,[C][C][N][Branch2_1][Ring2][Branch2_3][C][C],CCN(CCCCCCCCCCCCCCCCCCCCCCCCCCCCCCCCCCCCCC(C))CCCCC(C)CCCC,0.05603448275862069
CCCCc1c(=O)n(n(c1OC(=O)c1cc(OC)c(c(c1)OC)OC)c1ccccc1)c1ccccc1,[C][C][C][C][C][C][Branch1_2][C][=O][N][Branch2_1][Ring2][,CCCCCC(=O)N(COC2=CC1=CC=CC=C1C=C2C(=O)NC4=CC=C(C(=O)N3C))CCC3C=C4COC5=CC=CC=C5,0.30337078651685395
O=C(N1c2ccccc2Sc2c1nccc2)OCCCN1CCCCC1.Cl,[O][=C][Branch2_1][Ring1,O=C(C)CCCCCCCCCCCCCCCCCCCCCCCCCCCCCCCCCCCCCCC,0.03608247422680412
O=C(c1ccccc1)Oc1ccc2c(c1)CC[C@@H]1[C@@H]2CC[C@]2([C@H]1CC[C@@H]2O)C,[O][=C][Branch1_1][Branch2_2][C][=C][C][=C][C][=C][Ring1][Branch1,O=C(C=CC=CC#C)CC(C)CCCCCCCCCCCCCCCCCCCCCCCCCCCCCCCCCCCCCCCCCCCCCCCCCCCCCCC,0.014760147601476014
